iter	RMSE	Tweedie:variance_power=1.5
0	229.6164538	269.4438495
1	229.5932584	264.3071841
2	229.569995	259.2570971
3	229.5467863	254.3173981
4	229.5236078	249.4805196
5	229.5003961	244.7308325
6	229.4773078	240.0985458
7	229.4542498	235.5623199
8	229.4311854	231.1136771
9	229.4081307	226.7534388
10	229.3851809	222.4968601
11	229.3621503	218.3091892
12	229.3391583	214.2103363
13	229.316213	210.198967
14	229.2933893	206.2855467
15	229.2705066	202.4392074
16	229.2476547	198.6723442
17	229.2247699	194.9739288
18	229.2020165	191.3681496
19	229.1791974	187.821954
20	229.1564499	184.3557977
21	229.1336779	180.9540068
22	229.1109733	177.6283716
23	229.088392	174.3846261
24	229.065702	171.1894486
25	229.0431557	168.0758937
26	229.0205705	165.0171533
27	228.9980748	162.0303686
28	228.9756054	159.1049654
29	228.9529487	156.2129128
30	228.9305832	153.4136731
31	228.9082687	150.6746647
32	228.8859219	147.9851589
33	228.8635982	145.3506457
34	228.8413245	142.7731609
35	228.8190933	140.2510264
36	228.7968405	137.7754965
37	228.7747101	135.3615478
38	228.7525562	132.991591
39	228.7305523	130.6839406
40	228.7085313	128.4192692
41	228.686688	126.216709
42	228.6647684	124.0490672
43	228.6428634	121.9242329
44	228.6209862	119.8441325
45	228.5992248	117.8157308
46	228.5774732	115.827688
47	228.5557351	113.8784958
48	228.5340902	111.9760288
49	228.5124254	110.1095166
50	228.4910749	108.3059757
51	228.4697859	106.5423137
52	228.4484315	104.8069115
53	228.4270922	103.1051625
54	228.4057781	101.4393273
55	228.3846946	99.82396622
56	228.3635397	98.23490799
57	228.3425287	96.68727545
58	228.3215785	95.17467024
59	228.3007336	93.69702309
60	228.2798076	92.24343433
61	228.2591396	90.83577043
62	228.238447	89.45257955
63	228.2178052	88.10026019
64	228.1971311	86.7727126
65	228.1766829	85.48517247
66	228.1562979	84.22679799
67	228.1358931	82.98965069
68	228.1156491	81.78733458
69	228.0954527	80.61201204
70	228.0753747	79.46493931
71	228.0553655	78.34500006
72	228.0355494	77.25755243
73	228.0156261	76.18489084
74	227.9958272	75.14035632
75	227.9761438	74.12194621
76	227.956766	73.13856932
77	227.9374252	72.17514338
78	227.918145	71.23389322
79	227.8988438	70.31093817
80	227.8796443	69.41080176
81	227.8605806	68.53128396
82	227.8416579	67.67808424
83	227.8229027	66.8482465
84	227.804215	66.03557264
85	227.7855324	65.23929791
86	227.7669095	64.46144074
87	227.7483702	63.70125738
88	227.7299083	62.95791544
89	227.7117276	62.24242528
90	227.6936699	61.54555293
91	227.67559	60.86182323
92	227.657578	60.19154244
93	227.6398643	59.54740743
94	227.6223313	58.92203424
95	227.6047463	58.30634066
96	227.5872629	57.70521064
97	227.5699518	57.12248441
98	227.5528444	56.55728216
99	227.5357616	56.00455753
100	227.5188862	55.4692207
101	227.5024851	54.95864324
102	227.4858432	54.44972544
103	227.4693431	53.95359498
104	227.4529728	53.4714536
105	227.4366524	53.00013118
106	227.4204415	52.5407407
107	227.4044672	52.0980388
108	227.3886867	51.66971973
109	227.3728539	51.24570987
110	227.3571827	50.83352387
111	227.3417122	50.43692305
112	227.3264557	50.05366285
113	227.3112933	49.67954406
114	227.2963177	49.31612227
115	227.281498	48.96270458
116	227.267019	48.62685739
117	227.2524797	48.29462423
118	227.2380206	47.96969164
119	227.2237088	47.65539194
120	227.2096484	47.35390368
121	227.1956182	47.05714538
122	227.1817697	46.77133205
123	227.1683434	46.50034771
124	227.1547696	46.22956232
125	227.1414387	45.96955334
126	227.1282343	45.71570052
127	227.1151325	45.47061459
128	227.1022705	45.23343142
129	227.0894357	44.99966043
130	227.0770333	44.77939608
131	227.064435	44.55844013
132	227.052221	44.34988366
133	227.0403377	44.15121204
134	227.0283498	43.95435
135	227.0166382	43.76411497
136	227.0049686	43.57977401
137	226.9936301	43.4050061
138	226.9822759	43.23161008
139	226.9710681	43.06425896
140	226.9599176	42.90053749
141	226.9490158	42.7449837
142	226.9381836	42.59173872
143	226.9275277	42.44363441
144	226.9169139	42.29909534
145	226.906496	42.16063555
146	226.8965199	42.03131141
147	226.886453	41.90127508
148	226.8767279	41.7813502
149	226.8669334	41.66017253
150	226.8571732	41.54061028
151	226.8476716	41.42844642
152	226.83895	41.32880977
153	226.8298864	41.22469705
154	226.8210428	41.12566492
155	226.8120956	41.0276314
156	226.8033023	40.93173154
157	226.7946001	40.83814844
158	226.786312	40.75189555
159	226.7778908	40.66553822
160	226.7697713	40.58430324
161	226.7617813	40.50512217
162	226.753891	40.430449
163	226.7459982	40.35352292
164	226.7383632	40.28195159
165	226.7308855	40.21518744
166	226.7233845	40.14728023
167	226.7166219	40.08963945
168	226.709498	40.02948569
169	226.7024262	39.97036431
170	226.6954762	39.91188158
171	226.6885053	39.85469891
172	226.6817548	39.80117563
173	226.675104	39.74878561
174	226.6690306	39.70359774
175	226.6626506	39.65558654
176	226.6563731	39.60890663
177	226.6500916	39.56125688
178	226.6440685	39.51964212
179	226.638112	39.47746287
180	226.6322426	39.43586713
181	226.6264242	39.39677131
182	226.6207298	39.35803232
183	226.6152475	39.32297676
184	226.6097406	39.28730754
185	226.6043474	39.25292572
186	226.599071	39.21792582
187	226.5938414	39.18491744
188	226.5887123	39.15337844
189	226.5837327	39.1243763
190	226.5788533	39.09615854
191	226.5739345	39.06663481
192	226.5692759	39.04136585
193	226.5646206	39.01599371
194	226.5600299	38.99144253
195	226.5555412	38.96726245
196	226.5510747	38.94368006
197	226.5467785	38.92194921
198	226.5425919	38.90173017
199	226.5384407	38.88198031
200	226.5344153	38.86341426
201	226.5304018	38.84364706
202	226.5266322	38.82716846
203	226.5227653	38.80862845
204	226.518964	38.79236728
205	226.5152399	38.77583788
206	226.5115899	38.75978652
207	226.5079415	38.74354054
208	226.5043953	38.72840708
209	226.5009226	38.71413251
210	226.4974983	38.69938452
211	226.4942461	38.6870047
212	226.4909482	38.67291815
213	226.4877059	38.66025003
214	226.4845395	38.64763821
215	226.4815223	38.63710308
216	226.4784704	38.62487302
217	226.4754637	38.61351451
218	226.4725595	38.60347535
219	226.4696247	38.5920252
220	226.4670044	38.58387887
221	226.4641946	38.57355383
222	226.461475	38.56455647
223	226.4587619	38.55507951
224	226.4561394	38.54651807
225	226.4535856	38.5383248
226	226.4511447	38.53155241
227	226.4486629	38.52366726
228	226.4462386	38.51639152
229	226.4437983	38.50803176
230	226.4415091	38.501961
231	226.4392077	38.49426599
232	226.4370158	38.4886057
233	226.4347977	38.48185161
234	226.4325638	38.47469488
235	226.4303844	38.46801296
236	226.4283408	38.46307547
237	226.4263977	38.45853476
238	226.4243731	38.45297634
239	226.4223639	38.44725208
240	226.4204618	38.44252383
241	226.4185509	38.43754325
242	226.4166544	38.43257846
243	226.4147819	38.42697695
244	226.4130155	38.42301815
245	226.4112936	38.41910761
246	226.4095688	38.41480675
247	226.4078253	38.40969923
248	226.4061313	38.4054221
249	226.4045371	38.40207311
250	226.4029194	38.39815238
251	226.4013449	38.39438823
252	226.3997627	38.39055977
253	226.3982229	38.38688027
254	226.3967092	38.38338084
255	226.3952001	38.37957779
256	226.3938014	38.37722175
257	226.3923613	38.37397452
258	226.3909523	38.37070787
259	226.3896177	38.36835958
260	226.3882373	38.36544062
261	226.38689	38.36209138
262	226.3855761	38.35898127
263	226.38431	38.35639165
264	226.3831221	38.35466849
265	226.3818716	38.35174117
266	226.3806766	38.34921428
267	226.3794832	38.34625476
268	226.3783049	38.34371934
269	226.3771797	38.34147503
270	226.3760607	38.33893394
271	226.374979	38.33705418
272	226.3738783	38.33443595
273	226.372798	38.33193685
274	226.3717744	38.33003823
275	226.3707607	38.32807213
276	226.3697652	38.3261749
277	226.3687613	38.32399575
278	226.367791	38.3219073
279	226.3668238	38.31984792
280	226.365913	38.31827439
281	226.3649624	38.31615607
282	226.3640444	38.31439479
283	226.3631915	38.3129726
284	226.3623325	38.31136433
285	226.3614814	38.30978725
286	226.3606464	38.30793555
287	226.3598297	38.3064601
288	226.359023	38.3046912
289	226.3582797	38.30355468
290	226.3574936	38.3019716
291	226.3567375	38.30038844
292	226.3560003	38.29883776
293	226.3552764	38.29763283
294	226.3545565	38.29608126
295	226.353844	38.29479785
296	226.3531122	38.29334321
297	226.3524362	38.29196045
298	226.3517734	38.29066561
299	226.3511083	38.28921281
300	226.3504836	38.28807322
301	226.3498604	38.28685192
302	226.3492486	38.28580965
303	226.3486443	38.28453641
304	226.3480556	38.28348646
305	226.347472	38.2823617
306	226.346907	38.28141039
307	226.3463602	38.28050076
308	226.3458125	38.27937983
309	226.3452734	38.27826847
310	226.3447436	38.27730745
311	226.3442257	38.27632995
312	226.3437197	38.27521357
313	226.3432248	38.27426981
314	226.3427354	38.27323063
315	226.3422234	38.27216932
316	226.3417545	38.27133315
317	226.341288	38.27033734
318	226.3408349	38.26957089
319	226.3403915	38.268771
320	226.3399348	38.26785614
321	226.3395063	38.26702911
322	226.3390837	38.26605949
323	226.3386677	38.26517708
324	226.3382454	38.26435843
325	226.3378532	38.26365414
326	226.3374392	38.26289882
327	226.337054	38.26205166
328	226.3366852	38.26127777
329	226.3362995	38.26047774
330	226.3359299	38.25971511
331	226.3355799	38.25908046
332	226.3352327	38.25841836
333	226.334896	38.25772339
334	226.3345632	38.25701022
335	226.3342371	38.25620819
336	226.3338961	38.25567322
337	226.3335838	38.25490335
338	226.3332605	38.25428393
339	226.3329556	38.25367322
340	226.3326474	38.25303417
341	226.3323561	38.25245736
342	226.3320576	38.25179059
343	226.331765	38.25115161
344	226.3314866	38.25047086
345	226.3312217	38.24990307
346	226.3309456	38.24932512
347	226.3306826	38.24875787
348	226.3304295	38.24819896
349	226.3301816	38.24765217
350	226.32994	38.24714436
351	226.3296963	38.24667334
352	226.3294624	38.24626843
353	226.3292283	38.2457796
354	226.3289874	38.24522284
355	226.3287622	38.2448023
356	226.3285254	38.24432018
357	226.3283055	38.24381252
358	226.3280938	38.24329746
359	226.3278968	38.24284886
360	226.3276921	38.24234044
361	226.3274901	38.24195818
362	226.3272826	38.24151172
363	226.3270916	38.2411552
364	226.3269004	38.24067081
365	226.3267097	38.24022904
366	226.3265256	38.23976474
367	226.3263517	38.23938823
368	226.3261782	38.23893577
369	226.3260045	38.23855125
370	226.325836	38.23820115
371	226.3256511	38.23785261
372	226.3254859	38.23749867
373	226.32532	38.23708338
374	226.3251663	38.23670435
375	226.3250142	38.23633656
376	226.3248643	38.23597745
377	226.3247146	38.23560925
378	226.3245733	38.23521416
379	226.3244365	38.23490995
380	226.3243035	38.23454825
381	226.3241625	38.23418186
382	226.3240274	38.23378317
383	226.3238948	38.23343186
384	226.3237727	38.23313706
385	226.3236431	38.23276156
386	226.3235251	38.2324915
387	226.3234042	38.23221376
388	226.3232845	38.23195064
389	226.3231572	38.23167572
390	226.3230486	38.23137418
391	226.322935	38.23106282
392	226.3228215	38.23078583
393	226.322714	38.23046197
394	226.3226166	38.23019192
395	226.3225076	38.22992193
396	226.3224052	38.22966137
397	226.322307	38.22936379
398	226.3222173	38.22914632
399	226.3221303	38.22887668
400	226.3220324	38.22862658
401	226.3219387	38.22839561
402	226.3218522	38.2281592
403	226.3217615	38.22792208
404	226.3216704	38.22767473
405	226.3215822	38.22743105
406	226.3214985	38.22719882
407	226.3214159	38.2269624
408	226.3213348	38.22675142
409	226.3212579	38.22647607
410	226.3211817	38.22621791
411	226.3211119	38.22603038
412	226.3210368	38.22587798
413	226.3209707	38.22573626
414	226.320901	38.22551854
415	226.3208331	38.22529543
416	226.3207615	38.22512371
417	226.3206931	38.22491057
418	226.3206152	38.22470859
419	226.3205509	38.22451497
420	226.3204974	38.22434102
421	226.3204374	38.22417391
422	226.320371	38.22398991
423	226.320307	38.22382852
424	226.3202475	38.22366928
425	226.3202108	38.22355813
426	226.3201621	38.22339869
427	226.320107	38.22318131
428	226.3200474	38.22300292
429	226.3200047	38.22283359
430	226.3199579	38.22270449
431	226.3199055	38.2224828
432	226.3198524	38.22232747
433	226.3198132	38.2221498
434	226.3197691	38.22201823
435	226.3197197	38.22188017
436	226.3196917	38.22172598
437	226.3196497	38.22157675
438	226.3196081	38.22145804
439	226.3195617	38.22123205
440	226.3195125	38.22107444
441	226.3194691	38.22095378
442	226.31943	38.22081931
443	226.3193973	38.22065893
444	226.3193554	38.22048241
445	226.3193105	38.2203368
446	226.3192818	38.22017657
447	226.319237	38.22003278
448	226.3192124	38.21993037
449	226.3191854	38.21984223
450	226.3191598	38.21974569
451	226.3191195	38.21960474
452	226.3191032	38.21951002
453	226.3190625	38.21937852
454	226.3190287	38.21926335
455	226.3189994	38.21914451
456	226.3189647	38.21903196
457	226.3189478	38.2189362
458	226.3189291	38.21886323
459	226.3188921	38.21874176
460	226.3188709	38.21866164
461	226.3188539	38.21860279
462	226.3188365	38.21852971
463	226.318811	38.21842457
464	226.3187803	38.21830904
465	226.3187511	38.2182084
466	226.3187266	38.21810688
467	226.3186929	38.21799577
468	226.3186592	38.21788167
469	226.3186437	38.21781516
470	226.318624	38.21774629
471	226.3186068	38.2176829
472	226.3185777	38.21760177
473	226.3185605	38.21753844
474	226.3185426	38.21747359
475	226.3185306	38.21741949
476	226.3185045	38.21731414
477	226.318481	38.21719774
478	226.3184687	38.21713803
479	226.3184546	38.21707904
480	226.3184404	38.217021
481	226.3184201	38.21695924
482	226.3184065	38.21690355
483	226.318398	38.21685126
484	226.3183716	38.2167582
485	226.3183587	38.21670256
486	226.3183449	38.21662231
487	226.3183275	38.21656175
488	226.3183132	38.21650871
489	226.3182936	38.21642454
490	226.3182782	38.21636559
491	226.318254	38.21630632
492	226.3182406	38.21624976
493	226.3182148	38.21614906
494	226.3182046	38.21609971
495	226.3181914	38.2160297
496	226.3181724	38.2159493
497	226.3181626	38.21590084
498	226.3181535	38.21585022
499	226.3181426	38.2158021
